Campaign,Ad group,Type,Status,Final URL,Headline 1,Headline 2,Headline 3,Headline 4,Headline 5,Headline 6,Headline 7,Headline 8,Headline 9,Headline 10,Headline 11,Headline 12,Headline 13,Headline 14,Headline 15,Description 1,Description 2,Description 3,Description 4
GOOG_Search_TC_CoreProducts_2026,Coroplast Signs,Responsive search ad,Paused,https://truecolorprinting.ca/products/coroplast-signs,Order Coroplast Signs,Coroplast Signs Saskatoon,Price Coroplast Signs,Order Printing Online,Exact Prices Online,Local Saskatoon Pickup,Rush Options Available,Upload Your Artwork,Configure Your Order,Saskatoon Print Shop,Clear Online Pricing,Print Locally in Saskatoon,Rated 4.9 From 43 Reviews,,,"Configure coroplast signs online, see exact pricing, and submit your order online.",Choose local Saskatoon pickup and upload your artwork with your order.,Rush options are available. Review your configuration and price before ordering.,Work with a Saskatoon print shop rated 4.9 from 43 Google reviews.
GOOG_Search_TC_CoreProducts_2026,Stickers and Labels,Responsive search ad,Paused,https://truecolorprinting.ca/products/stickers,Order Custom Stickers,Stickers Printed Locally,Custom Labels Saskatoon,Order Printing Online,Exact Prices Online,Local Saskatoon Pickup,Rush Options Available,Upload Your Artwork,Configure Your Order,Saskatoon Print Shop,Clear Online Pricing,Print Locally in Saskatoon,Rated 4.9 From 43 Reviews,,,"Configure stickers and labels online, see exact pricing, and submit your order online.",Choose local Saskatoon pickup and upload your artwork with your order.,Rush options are available. Review your configuration and price before ordering.,Work with a Saskatoon print shop rated 4.9 from 43 Google reviews.
GOOG_Search_TC_CoreProducts_2026,Vinyl Banners,Responsive search ad,Paused,https://truecolorprinting.ca/products/vinyl-banners,Order Vinyl Banners,Vinyl Banners Saskatoon,Price Custom Banners,Order Printing Online,Exact Prices Online,Local Saskatoon Pickup,Rush Options Available,Upload Your Artwork,Configure Your Order,Saskatoon Print Shop,Clear Online Pricing,Print Locally in Saskatoon,Rated 4.9 From 43 Reviews,,,"Configure vinyl banners online, see exact pricing, and submit your order online.",Choose local Saskatoon pickup and upload your artwork with your order.,Rush options are available. Review your configuration and price before ordering.,Work with a Saskatoon print shop rated 4.9 from 43 Google reviews.
GOOG_Search_TC_CoreProducts_2026,Business Cards,Responsive search ad,Paused,https://truecolorprinting.ca/products/business-cards,Order Business Cards,Business Cards Saskatoon,Price Business Cards,Order Printing Online,Exact Prices Online,Local Saskatoon Pickup,Rush Options Available,Upload Your Artwork,Configure Your Order,Saskatoon Print Shop,Clear Online Pricing,Print Locally in Saskatoon,Rated 4.9 From 43 Reviews,,,"Configure business cards online, see exact pricing, and submit your order online.",Choose local Saskatoon pickup and upload your artwork with your order.,Rush options are available. Review your configuration and price before ordering.,Work with a Saskatoon print shop rated 4.9 from 43 Google reviews.
GOOG_Search_TC_CoreProducts_2026,Flyers,Responsive search ad,Paused,https://truecolorprinting.ca/products/flyers,Order Custom Flyers,Flyer Printing Saskatoon,Price Flyers Online,Order Printing Online,Exact Prices Online,Local Saskatoon Pickup,Rush Options Available,Upload Your Artwork,Configure Your Order,Saskatoon Print Shop,Clear Online Pricing,Print Locally in Saskatoon,Rated 4.9 From 43 Reviews,,,"Configure flyers online, see exact pricing, and submit your order online.",Choose local Saskatoon pickup and upload your artwork with your order.,Rush options are available. Review your configuration and price before ordering.,Work with a Saskatoon print shop rated 4.9 from 43 Google reviews.
GOOG_Search_TC_CoreProducts_2026,Retractable Banners,Responsive search ad,Paused,https://truecolorprinting.ca/products/retractable-banners,Order Retractable Banners,Retractable Banner Print,Pull Up Banners Saskatoon,Order Printing Online,Exact Prices Online,Local Saskatoon Pickup,Rush Options Available,Upload Your Artwork,Configure Your Order,Saskatoon Print Shop,Clear Online Pricing,Print Locally in Saskatoon,Rated 4.9 From 43 Reviews,,,"Configure retractable banners online, see exact pricing, and submit your order online.",Choose local Saskatoon pickup and upload your artwork with your order.,Rush options are available. Review your configuration and price before ordering.,Work with a Saskatoon print shop rated 4.9 from 43 Google reviews.
GOOG_Search_TC_CoreProducts_2026,Rush and Same Day,Responsive search ad,Paused,https://truecolorprinting.ca/same-day-printing-saskatoon,Rush Printing Saskatoon,Explore Same Day Printing,Local Rush Print Options,Order Printing Online,Exact Prices Online,Local Saskatoon Pickup,Rush Options Available,Upload Your Artwork,Configure Your Order,Saskatoon Print Shop,Clear Online Pricing,Print Locally in Saskatoon,Rated 4.9 From 43 Reviews,,,"Configure rush printing online, see exact pricing, and submit your order online.",Choose local Saskatoon pickup and upload your artwork with your order.,Rush options are available. Review your configuration and price before ordering.,Work with a Saskatoon print shop rated 4.9 from 43 Google reviews.
GOOG_Search_TC_CoreProducts_2026,Generic Print Price,Responsive search ad,Paused,https://truecolorprinting.ca/printing-prices-saskatoon,Printing Prices Saskatoon,See Printing Prices Online,Configure Printing Online,Order Printing Online,Exact Prices Online,Local Saskatoon Pickup,Rush Options Available,Upload Your Artwork,Configure Your Order,Saskatoon Print Shop,Clear Online Pricing,Print Locally in Saskatoon,Rated 4.9 From 43 Reviews,,,"Configure printing online, see exact pricing, and submit your order online.",Choose local Saskatoon pickup and upload your artwork with your order.,Rush options are available. Review your configuration and price before ordering.,Work with a Saskatoon print shop rated 4.9 from 43 Google reviews.
GOOG_Search_TC_CoreProducts_2026,Generic Sign Shop,Responsive search ad,Paused,https://truecolorprinting.ca/sign-company-saskatoon,Saskatoon Sign Shop,Custom Signs Saskatoon,Explore Local Sign Options,Order Printing Online,Exact Prices Online,Local Saskatoon Pickup,Rush Options Available,Upload Your Artwork,Configure Your Order,Saskatoon Print Shop,Clear Online Pricing,Print Locally in Saskatoon,Rated 4.9 From 43 Reviews,,,"Configure signs online, see exact pricing, and submit your order online.",Choose local Saskatoon pickup and upload your artwork with your order.,Rush options are available. Review your configuration and price before ordering.,Work with a Saskatoon print shop rated 4.9 from 43 Google reviews.
GOOG_Search_TC_CompetitorConquest_2026,Comparison - Qwik Signs,Responsive search ad,Paused,https://truecolorprinting.ca/why-true-color,Compare Saskatoon Printing,Order Printing Online,Exact Prices Online,Local Saskatoon Pickup,Rush Options Available,Upload Your Artwork,Configure Your Order,Saskatoon Print Shop,Clear Online Pricing,Explore Printing Options,Print Locally in Saskatoon,Rated 4.9 From 43 Reviews,,,,"Compare your options, configure printing online, and see exact pricing before ordering.",Choose local Saskatoon pickup and upload your artwork with your online order.,"Explore signs, banners, stickers, cards, flyers, and other printing options.",Work with a Saskatoon print shop rated 4.9 from 43 Google reviews.
GOOG_Search_TC_CompetitorConquest_2026,Comparison - Minuteman Press,Responsive search ad,Paused,https://truecolorprinting.ca/why-true-color,Compare Saskatoon Printing,Order Printing Online,Exact Prices Online,Local Saskatoon Pickup,Rush Options Available,Upload Your Artwork,Configure Your Order,Saskatoon Print Shop,Clear Online Pricing,Explore Printing Options,Print Locally in Saskatoon,Rated 4.9 From 43 Reviews,,,,"Compare your options, configure printing online, and see exact pricing before ordering.",Choose local Saskatoon pickup and upload your artwork with your online order.,"Explore signs, banners, stickers, cards, flyers, and other printing options.",Work with a Saskatoon print shop rated 4.9 from 43 Google reviews.
GOOG_Search_TC_CompetitorConquest_2026,Comparison - Ink House,Responsive search ad,Paused,https://truecolorprinting.ca/why-true-color,Compare Saskatoon Printing,Order Printing Online,Exact Prices Online,Local Saskatoon Pickup,Rush Options Available,Upload Your Artwork,Configure Your Order,Saskatoon Print Shop,Clear Online Pricing,Explore Printing Options,Print Locally in Saskatoon,Rated 4.9 From 43 Reviews,,,,"Compare your options, configure printing online, and see exact pricing before ordering.",Choose local Saskatoon pickup and upload your artwork with your online order.,"Explore signs, banners, stickers, cards, flyers, and other printing options.",Work with a Saskatoon print shop rated 4.9 from 43 Google reviews.
GOOG_Search_TC_CompetitorConquest_2026,Comparison - Rayacom,Responsive search ad,Paused,https://truecolorprinting.ca/why-true-color,Compare Saskatoon Printing,Order Printing Online,Exact Prices Online,Local Saskatoon Pickup,Rush Options Available,Upload Your Artwork,Configure Your Order,Saskatoon Print Shop,Clear Online Pricing,Explore Printing Options,Print Locally in Saskatoon,Rated 4.9 From 43 Reviews,,,,"Compare your options, configure printing online, and see exact pricing before ordering.",Choose local Saskatoon pickup and upload your artwork with your online order.,"Explore signs, banners, stickers, cards, flyers, and other printing options.",Work with a Saskatoon print shop rated 4.9 from 43 Google reviews.
GOOG_Search_TC_CompetitorConquest_2026,Comparison - 24 Hour Signs,Responsive search ad,Paused,https://truecolorprinting.ca/why-true-color,Compare Saskatoon Printing,Order Printing Online,Exact Prices Online,Local Saskatoon Pickup,Rush Options Available,Upload Your Artwork,Configure Your Order,Saskatoon Print Shop,Clear Online Pricing,Explore Printing Options,Print Locally in Saskatoon,Rated 4.9 From 43 Reviews,,,,"Compare your options, configure printing online, and see exact pricing before ordering.",Choose local Saskatoon pickup and upload your artwork with your online order.,"Explore signs, banners, stickers, cards, flyers, and other printing options.",Work with a Saskatoon print shop rated 4.9 from 43 Google reviews.
GOOG_Search_TC_CompetitorConquest_2026,Comparison - Anytime Printing,Responsive search ad,Paused,https://truecolorprinting.ca/why-true-color,Compare Saskatoon Printing,Order Printing Online,Exact Prices Online,Local Saskatoon Pickup,Rush Options Available,Upload Your Artwork,Configure Your Order,Saskatoon Print Shop,Clear Online Pricing,Explore Printing Options,Print Locally in Saskatoon,Rated 4.9 From 43 Reviews,,,,"Compare your options, configure printing online, and see exact pricing before ordering.",Choose local Saskatoon pickup and upload your artwork with your online order.,"Explore signs, banners, stickers, cards, flyers, and other printing options.",Work with a Saskatoon print shop rated 4.9 from 43 Google reviews.
GOOG_Search_TC_CompetitorConquest_2026,Comparison - PGI Printers,Responsive search ad,Paused,https://truecolorprinting.ca/why-true-color,Compare Saskatoon Printing,Order Printing Online,Exact Prices Online,Local Saskatoon Pickup,Rush Options Available,Upload Your Artwork,Configure Your Order,Saskatoon Print Shop,Clear Online Pricing,Explore Printing Options,Print Locally in Saskatoon,Rated 4.9 From 43 Reviews,,,,"Compare your options, configure printing online, and see exact pricing before ordering.",Choose local Saskatoon pickup and upload your artwork with your online order.,"Explore signs, banners, stickers, cards, flyers, and other printing options.",Work with a Saskatoon print shop rated 4.9 from 43 Google reviews.
GOOG_Search_TC_CompetitorConquest_2026,Comparison - Staples Printing,Responsive search ad,Paused,https://truecolorprinting.ca/why-true-color,Compare Saskatoon Printing,Order Printing Online,Exact Prices Online,Local Saskatoon Pickup,Rush Options Available,Upload Your Artwork,Configure Your Order,Saskatoon Print Shop,Clear Online Pricing,Explore Printing Options,Print Locally in Saskatoon,Rated 4.9 From 43 Reviews,,,,"Compare your options, configure printing online, and see exact pricing before ordering.",Choose local Saskatoon pickup and upload your artwork with your online order.,"Explore signs, banners, stickers, cards, flyers, and other printing options.",Work with a Saskatoon print shop rated 4.9 from 43 Google reviews.
GOOG_Search_TC_CompetitorConquest_2026,Comparison - Vistaprint,Responsive search ad,Paused,https://truecolorprinting.ca/why-true-color,Compare Saskatoon Printing,Order Printing Online,Exact Prices Online,Local Saskatoon Pickup,Rush Options Available,Upload Your Artwork,Configure Your Order,Saskatoon Print Shop,Clear Online Pricing,Explore Printing Options,Print Locally in Saskatoon,Rated 4.9 From 43 Reviews,,,,"Compare your options, configure printing online, and see exact pricing before ordering.",Choose local Saskatoon pickup and upload your artwork with your online order.,"Explore signs, banners, stickers, cards, flyers, and other printing options.",Work with a Saskatoon print shop rated 4.9 from 43 Google reviews.
GOOG_Search_TC_BrandDefense_2026,True Color Brand,Responsive search ad,Paused,https://truecolorprinting.ca/,True Color Printing,True Color Saskatoon,True Color Print Shop,Order Printing Online,Exact Prices Online,Local Saskatoon Pickup,Rush Options Available,Upload Your Artwork,Configure Your Order,Saskatoon Print Shop,Clear Online Pricing,Print Locally in Saskatoon,Rated 4.9 From 43 Reviews,,,"Configure printing online, see exact pricing, and submit your order online.",Choose local Saskatoon pickup and upload your artwork with your order.,Rush options are available. Review your configuration and price before ordering.,Work with a Saskatoon print shop rated 4.9 from 43 Google reviews.
